collection_id,instance_index,machine_id,start_time,end_time,max_cpus,max_memory,value
299950261447,3425,10512314194,1175000000,1200000000,0.00630950927734375,0.0006074905395507812,78
299950267134,2794,2004298141,1152000000,1200000000,0.00527191162109375,0.0014514923095703125,60
300629845572,0,10576646476,1127000000,1149000000,0.0059814453125,0.000698089599609375,79
300628723138,213,2004262530,924000000,1200000000,0.03375244140625,0.00020503997802734375,58
300502419114,226,1691278,1159000000,1200000000,0.0074005126953125,0.001087188720703125,24
261561495314,173,-1,990000000,1200000000,0.00927734375,0.003688812255859375,73
261561515322,177,-1,1049000000,1200000000,0.0101318359375,0.00202178955078125,22
299950267515,638,1510324832,1156000000,1200000000,0.00672149658203125,0.0010814666748046875,75
299950261447,3609,10625481457,1171000000,1200000000,0.0082855224609375,0.0003719329833984375,62
299950233117,777,10539034713,1187000000,1200000000,0.00495147705078125,0.0007305145263671875,85
299950267391,1269,1887932309,1129000000,1200000000,0.05145263671875,0.0078125,7
298636906274,1530,8655232937,966000000,1200000000,0.004180908203125,0.00115203857421875,80
299950282815,326,10467017998,912000000,1200000000,0.00453948974609375,0.0004901885986328125,39
300630916429,0,191257359328,1179000000,1191000000,0.00579833984375,0.0006914138793945312,81
298636906274,898,10507521563,903000000,1200000000,0.0042877197265625,0.0011692047119140625,79
299950261478,6488,163607097555,1183000000,1200000000,0.008209228515625,0.000499725341796875,36
261561500316,299,182564466121,1048000000,1200000000,0.0095977783203125,0.00385284423828125,40
299950268070,285,182136365027,1132000000,1200000000,0.008514404296875,0.0005884170532226562,7
299950268070,299,10624318247,1132000000,1200000000,0.0078582763671875,0.0005826950073242188,20
299950285958,6146,1229839458,950000000,1175000000,0.002960205078125,0.0011577606201171875,28
299950282965,12710,206812196307,937000000,1200000000,0.00445556640625,0.0011730194091796875,35
299950261478,5424,153276721173,1189000000,1200000000,0.00421905517578125,0.0008478164672851562,3
261561502817,290,-1,1123000000,1200000000,0.0082855224609375,0.00376129150390625,2
299950260553,5379,10503687448,1173000000,1200000000,0.01556396484375,0.0006513595581054688,11
261561495314,303,182136337238,1050000000,1200000000,0.0103759765625,0.003841400146484375,31
299950261478,5617,1009380768,1190000000,1200000000,0.003360748291015625,0.0008440017700195312,16
299950233111,975,148038876716,1146000000,1200000000,0.004608154296875,0.0012035369873046875,32
299950236433,660,287061039409,1034000000,1200000000,0.0350341796875,0.001079559326171875,82
299950267134,2650,4091947825,1155000000,1200000000,0.00576019287109375,0.001476287841796875,94
299950283293,41,10114234593,994000000,1200000000,0.00470733642578125,0.0011444091796875,82
299950267436,218,10367665995,1155000000,1200000000,0.0075225830078125,0.000682830810546875,93
261561467599,403,-1,1163000000,1200000000,0.009735107421875,0.0009593963623046875,86
299950282965,11808,8663735513,932000000,1200000000,0.00357818603515625,0.00113677978515625,90
299950282965,12545,3110425334,932000000,1200000000,0.00412750244140625,0.00115203857421875,7
299950282965,12743,8652638489,932000000,1200000000,0.00562286376953125,0.0006628036499023438,21
299950267391,841,191905197829,1150000000,1200000000,0.067138671875,0.0078125,39
202130124356,699,300335643784,1035000000,1200000000,0.241455078125,0.023223876953125,29
299950260553,5214,176154136659,1170000000,1200000000,0.005462646484375,0.001155853271484375,42
299950261447,2979,156350999353,1112000000,1200000000,0.05474853515625,0.001033782958984375,23
299950267134,3109,162165082875,1154000000,1200000000,0.00628662109375,0.0014743804931640625,17
299950261447,2608,148012428506,1112000000,1200000000,0.04266357421875,0.00107574462890625,34
299950261478,5362,123180703559,1188000000,1200000000,0.003459930419921875,0.000843048095703125,5
261561500316,226,192419872141,1052000000,1200000000,0.0141754150390625,0.003849029541015625,86
261561502817,265,-1,1122000000,1200000000,0.0089874267578125,0.003570556640625,48
299950260553,5091,216840516530,1173000000,1200000000,0.00432586669921875,0.0009860992431640625,61
261561505318,612,-1,1190000000,1200000000,0.009735107421875,0.0006465911865234375,37
261561507819,167,-1,1069000000,1200000000,0.00885009765625,0.0019989013671875,81
299950285958,6515,1970138905,949000000,1102000000,0.00433349609375,0.0011653900146484375,42
300502421518,128,156757147086,983000000,1200000000,0.004150390625,0.001163482666015625,89
299950233117,578,176136866011,1124000000,1200000000,0.00431060791015625,0.0007543563842773438,44
299950268040,1399,10518126105,1144000000,1200000000,0.00449371337890625,0.0009393692016601562,37
299950261447,3775,176141955879,1171000000,1200000000,0.0059356689453125,0.0003490447998046875,41
300628707108,71,1231051781,964000000,985000000,0.0041046142578125,0.0005197525024414062,20
299950236380,1150,178304388963,1155000000,1200000000,0.0048828125,0.0007638931274414062,4
299950287848,670,1512158776,904000000,1200000000,0.00539398193359375,0.0007429122924804688,20
299950285958,5780,259004776807,951000000,1176000000,0.03460693359375,0.00133514404296875,72
451544768,1112,148912331995,991000000,1200000000,0.00276947021484375,0.0001239776611328125,20
261561505318,519,-1,1189000000,1200000000,0.003147125244140625,0.0005474090576171875,22
299950282965,12761,10367690503,931000000,1200000000,0.0035247802734375,0.0011272430419921875,35
299950261478,6185,299138987506,1188000000,1200000000,0.0035247802734375,0.0008525848388671875,88
300629816784,0,191257359328,1060000000,1074000000,0.005950927734375,0.0006999969482421875,28
299950285958,5689,176130710289,952000000,1174000000,0.00431060791015625,0.0011386871337890625,96
299950236380,765,148014467938,1084000000,1200000000,0.00691986083984375,0.000858306884765625,9
299950285958,5720,231847278951,954000000,1177000000,0.004608154296875,0.00116729736328125,87
261561465098,522,270678067250,1185000000,1200000000,0.0061798095703125,0.0008754730224609375,37
299950282965,11386,205694633937,932000000,1200000000,0.0071563720703125,0.000659942626953125,70
298636906274,1580,10466976203,964000000,1200000000,0.0043792724609375,0.0011692047119140625,68
299950261447,3441,182146429129,1177000000,1200000000,0.0054779052734375,0.0005388259887695312,25
299950261447,3942,272584055956,1175000000,1200000000,0.00368499755859375,0.0005283355712890625,36
299950261478,4868,158381956522,1182000000,1200000000,0.0080108642578125,0.00052642822265625,97
299950267391,1024,10367641170,1130000000,1200000000,0.04302978515625,0.0078125,29
261561515322,176,-1,981000000,1200000000,0.0088958740234375,0.0037841796875,79
261561485131,511,-1,1186000000,1200000000,0.0090179443359375,0.0009593963623046875,80
299950261478,3651,10503301403,1125000000,1200000000,0.0048980712890625,0.0009412765502929688,1
261561495314,597,-1,1195000000,1200000000,0.00234222412109375,9.822845458984375e-05,9
300628707108,134,178294777811,964000000,990000000,0.003543853759765625,0.0005636215209960938,37
299950282965,13472,1230325328,931000000,1185000000,0.00396728515625,0.0008096694946289062,76
299950289289,105,3465867818,935000000,1200000000,0.004150390625,0.000701904296875,17
299950261478,4601,8663825358,1189000000,1200000000,0.00461578369140625,0.0006551742553710938,92
300502419114,229,1887851351,1155000000,1200000000,0.002750396728515625,0.00116729736328125,92
299950285958,5452,300335684661,950000000,1200000000,0.003612518310546875,0.0011615753173828125,100
261561502817,390,-1,1190000000,1200000000,0.00476837158203125,0.0006122589111328125,66
299950267488,119,178180790285,1164000000,1200000000,0.003200531005859375,0.0005512237548828125,98
299950261447,5086,13135140059,1180000000,1200000000,0.00688934326171875,0.000522613525390625,5
299950282965,11159,191948453922,937000000,1200000000,0.022186279296875,0.001560211181640625,28
298636906274,483,1970140395,903000000,1200000000,0.00374603271484375,0.0011615753173828125,99
299950261447,2639,191910265124,1112000000,1200000000,0.077392578125,0.0016956329345703125,20
261561520324,115,-1,1000000000,1200000000,0.0102081298828125,0.0019989013671875,48
299950261478,3570,1252452452,1127000000,1200000000,0.01007080078125,0.000934600830078125,47
299950236380,793,1821650738,1084000000,1200000000,0.0091705322265625,0.0008802413940429688,92
300502476404,637,10498761770,1013000000,1200000000,0.00482177734375,0.001171112060546875,92
299950291735,6,1512014130,1094000000,1200000000,0.0055389404296875,0.0011119842529296875,22
299950282965,11164,10503573681,935000000,1200000000,0.00409698486328125,0.00115966796875,85
299950285958,5580,182124634074,950000000,1174000000,0.004364013671875,0.00115966796875,60
299950236380,1003,842273965,1150000000,1200000000,0.0035247802734375,0.0005559921264648438,96
299950268070,329,178096006802,1132000000,1200000000,0.00666046142578125,0.0005826950073242188,31
261561495314,588,-1,1191000000,1200000000,0.002277374267578125,0.0005397796630859375,12
299950261478,4740,1885931578,1183000000,1200000000,0.00738525390625,0.0005750656127929688,27
299950261478,3423,10626148382,1125000000,1200000000,0.0162353515625,0.0010280609130859375,76
299950282965,10832,261660557684,931000000,1200000000,0.00392913818359375,0.0008707046508789062,20
299950268040,1461,12707173241,1145000000,1200000000,0.0066680908203125,0.0009260177612304688,14
261561495314,420,-1,1120000000,1200000000,0.0092315673828125,0.00368499755859375,76
299950261478,5475,731308502,1191000000,1200000000,0.0028533935546875,0.0008373260498046875,97
261561472612,206,-1,1047000000,1200000000,0.0094451904296875,0.005218505859375,50
299950264095,1157,13445261766,1162000000,1200000000,0.002964019775390625,0.0007123947143554688,71
299950267391,1811,10626571745,1187000000,1200000000,0.01654052734375,0.0018100738525390625,14
299950261447,4854,3074846887,1178000000,1200000000,0.0041351318359375,0.0005350112915039062,56
299950267134,2854,261031810013,1156000000,1200000000,0.00653076171875,0.001522064208984375,94
299950282965,12405,1512133974,932000000,1200000000,0.00652313232421875,0.0007038116455078125,5
451544768,1301,157006891552,1059000000,1200000000,0.00299072265625,0.00010585784912109375,60
299950236380,1159,12707121522,1154000000,1200000000,0.00429534912109375,0.0007457733154296875,100
299950233117,794,218174121117,1182000000,1200000000,0.0084075927734375,0.00044155120849609375,51
299950261478,3291,157006930497,1125000000,1200000000,0.0526123046875,0.0013446807861328125,86
299950282965,13317,10503630242,935000000,1200000000,0.003753662109375,0.0011577606201171875,19
299950267391,1786,178160671591,1182000000,1200000000,0.03436279296875,0.0078125,25
299950261478,4597,11242318470,1187000000,1200000000,0.00357818603515625,0.0008497238159179688,6
300502493584,353,153297163148,997000000,1200000000,0.0088043212890625,0.0011444091796875,27
299950236268,339,50790500132,1187000000,1200000000,0.00403594970703125,0.0003490447998046875,71
261561497815,157,10623304751,1030000000,1200000000,0.01409912109375,0.0019435882568359375,46
298636906274,602,300335627828,903000000,1200000000,0.00392913818359375,0.0011653900146484375,54
299950261478,4004,5091901,1128000000,1200000000,0.003765106201171875,0.0008649826049804688,92
299950282965,12213,50787457013,931000000,1200000000,0.00545501708984375,0.0007781982421875,66
299950236330,855,10367703393,924000000,1071000000,0.00403594970703125,0.0011653900146484375,68
298636906274,1473,10114469469,965000000,1200000000,0.004180908203125,0.001171112060546875,48
299950267391,1225,176141957087,1151000000,1200000000,0.042724609375,0.0078125,11
261561507819,117,-1,1071000000,1200000000,0.009124755859375,0.001987457275390625,69
261561472612,207,299139001596,1047000000,1200000000,0.0114593505859375,0.00438690185546875,65
299950285958,5699,148947704151,950000000,1174000000,0.0044097900390625,0.0011615753173828125,82
299950261447,2592,1231072723,1110000000,1200000000,0.0498046875,0.0010814666748046875,90
261561465098,371,1230880713,1115000000,1200000000,0.0084228515625,0.003414154052734375,71
299950261447,5272,12896322985,1171000000,1200000000,0.00720977783203125,0.00034046173095703125,17
261561465098,131,-1,977000000,1200000000,0.03521728515625,0.00701141357421875,51
261561502817,238,1891592630,1121000000,1200000000,0.017730712890625,0.0019130706787109375,57
299950282965,11052,10625460230,931000000,1200000000,0.003726959228515625,0.001132965087890625,82
299950261447,3989,1230060174,1176000000,1200000000,0.00322723388671875,0.0005235671997070312,78
299950261478,3572,191937416126,1124000000,1200000000,0.06396484375,0.001308441162109375,63
299950267134,3151,10503598072,1155000000,1200000000,0.00534820556640625,0.001461029052734375,97
261561500316,427,1229872919,1118000000,1200000000,0.0095367431640625,0.003787994384765625,49
299950285958,6290,3419624,957000000,1175000000,0.00481414794921875,0.00115203857421875,41
299950285958,6298,273485826195,950000000,1176000000,0.002941131591796875,0.0011577606201171875,45
298636906274,551,261313563183,902000000,1200000000,0.00417327880859375,0.001163482666015625,12
299950267436,205,153156683623,1155000000,1200000000,0.00457763671875,0.000682830810546875,10
299950282965,10782,153166676043,934000000,1200000000,0.00411224365234375,0.0011653900146484375,55
300628723138,485,157009044139,925000000,1200000000,0.040283203125,0.00021839141845703125,37
299950261478,4303,216840452668,1120000000,1200000000,0.0328369140625,0.0008335113525390625,59
299950267391,1126,10649673163,1151000000,1200000000,0.04388427734375,0.0078125,64
261561512821,426,1885671724,1140000000,1200000000,0.01776123046875,0.0008172988891601562,48
300502482589,14,3116962590,1122000000,1200000000,0.0119171142578125,0.002185821533203125,38
451544768,804,178179361976,991000000,1200000000,0.00452423095703125,0.00013065338134765625,36
299950261447,2759,176141955879,1112000000,1200000000,0.029296875,0.0008983612060546875,5
299950261478,5157,1364362949,1183000000,1200000000,0.0068817138671875,0.0005035400390625,20
299950267436,224,1994670067,1153000000,1200000000,0.00621795654296875,0.000682830810546875,25
299950261447,4135,178165359109,1178000000,1200000000,0.0059051513671875,0.0005121231079101562,22
299950267413,163,10085703798,1091000000,1200000000,0.0150909423828125,0.000988006591796875,32
261561505318,76,300335823894,982000000,1200000000,0.015594482421875,0.003936767578125,62
299950282965,11537,3077701128,937000000,1200000000,0.003307342529296875,0.001132965087890625,63
261561512821,222,181828225471,1071000000,1200000000,0.010406494140625,0.003810882568359375,45
299950233111,1004,258086514609,1141000000,1200000000,0.0174560546875,0.0006837844848632812,46
300630906986,0,173629311811,1168000000,1180000000,0.0088958740234375,0.0006866455078125,39
299950261447,5063,123066525818,1179000000,1200000000,0.0061492919921875,0.0005311965942382812,38
300628745182,192,10503568793,949000000,1200000000,0.0650634765625,0.003021240234375,53
299950268040,1326,1994783357,1138000000,1200000000,0.0056304931640625,0.0005826950073242188,51
299950288763,3203,278573698483,1138000000,1200000000,0.00405120849609375,0.00115966796875,54
299950288763,3349,197920873522,1140000000,1200000000,0.008697509765625,0.0008115768432617188,55
299950261478,4010,3419578,1125000000,1200000000,0.006500244140625,0.0009136199951171875,21
300628707108,199,10625477819,966000000,989000000,0.00620269775390625,0.0005645751953125,51
299950261478,5278,178296399518,1190000000,1200000000,0.00524139404296875,0.0008745193481445312,58
299950282965,11226,7484571714,931000000,1200000000,0.0083770751953125,0.0010738372802734375,100
261561462597,77,-1,996000000,1200000000,0.00897216796875,0.003414154052734375,34
299950261447,4425,182564814122,1175000000,1200000000,0.0078582763671875,0.0006055831909179688,57
300628707108,138,10367632517,963000000,987000000,0.00360107421875,0.0005559921264648438,97
299950261478,3598,275422477403,1122000000,1200000000,0.05975341796875,0.0014934539794921875,61
299950282965,12427,10367707762,937000000,1200000000,0.01873779296875,0.0012531280517578125,43
299950282965,12677,1510186520,937000000,1200000000,0.00531768798828125,0.000885009765625,37
300628718322,26,10626826072,908000000,1200000000,0.0043792724609375,0.00036525726318359375,72
261561495314,471,-1,1123000000,1200000000,0.0089263916015625,0.003597259521484375,59
299950233111,895,1886205784,1142000000,1200000000,0.00452423095703125,0.0012111663818359375,97
261561495314,125,-1,987000000,1200000000,0.0391845703125,0.00489044189453125,84
299950279987,247,2592325399,1061000000,1200000000,0.0040130615234375,0.0011577606201171875,64
261561505318,437,157004854558,1123000000,1200000000,0.016998291015625,0.003662109375,1
299950261478,5264,10367690920,1181000000,1200000000,0.007080078125,0.0004968643188476562,98
299950282965,13766,157005868021,998000000,1184000000,0.00667572021484375,0.0006542205810546875,80
299950261447,2675,10466976203,1110000000,1200000000,0.020233154296875,0.0005598068237304688,50
299950261478,3226,182136309495,1121000000,1200000000,0.06494140625,0.0011444091796875,85
299950267515,712,269801119514,1155000000,1200000000,0.00576019287109375,0.001110076904296875,79
299950261478,3609,10632689816,1126000000,1200000000,0.005615234375,0.0009450912475585938,55
300629809247,48,10632737457,1085000000,1119000000,0.0041656494140625,0.000701904296875,96
299950261478,3142,10503032947,1119000000,1200000000,0.109130859375,0.0016498565673828125,14
261561502817,235,-1,1123000000,1200000000,0.00823974609375,0.00383758544921875,9
261561487633,226,273552785866,1136000000,1200000000,0.0107879638671875,0.00124359130859375,94
299950282965,11275,245043774317,931000000,1200000000,0.003017425537109375,0.0011615753173828125,44
299950261478,4406,294974948613,1120000000,1200000000,0.0650634765625,0.0012302398681640625,70
300502479271,70,1970140397,1006000000,1200000000,0.0040740966796875,0.001155853271484375,23
299950268040,1457,8858078049,1144000000,1200000000,0.012298583984375,0.0009365081787109375,15
299950236380,870,2592325399,1152000000,1200000000,0.0087432861328125,0.0005254745483398438,39
261561475113,289,-1,1115000000,1200000000,0.009857177734375,0.003437042236328125,100
299950264095,1198,275001656052,1161000000,1200000000,0.00446319580078125,0.0007123947143554688,59
300628707108,169,10367640946,964000000,985000000,0.003345489501953125,0.0005598068237304688,77
261561485131,555,300552003569,1185000000,1200000000,0.0058746337890625,0.0009469985961914062,28
451544768,1552,527526913,1058000000,1200000000,0.002719879150390625,0.00011157989501953125,16
299950285958,6719,10503697750,954000000,1104000000,0.0034332275390625,0.001171112060546875,31
299950282815,334,1970135521,912000000,1200000000,0.003887176513671875,0.00048160552978515625,85
299950288763,3101,8652150847,1144000000,1200000000,0.00749969482421875,0.0011425018310546875,52
261561480115,436,-1,1185000000,1200000000,0.00811767578125,0.000946044921875,19
299950268070,293,12703068748,1133000000,1200000000,0.00638580322265625,0.000579833984375,4
261561467599,347,1900564599,1094000000,1200000000,0.0142974853515625,0.003437042236328125,57
298636939442,16,528000655,923000000,1200000000,0.0015869140625,0.0009489059448242188,11
300629845516,0,173629311811,1128000000,1144000000,0.006317138671875,0.0007047653198242188,88
299950261447,2520,10625324403,1112000000,1200000000,0.028350830078125,0.00084686279296875,50
299950282965,13810,10114584459,998000000,1184000000,0.00299835205078125,0.00115966796875,89
299950233111,889,300552202461,1142000000,1200000000,0.017791748046875,0.0013103485107421875,63
299950261478,5662,61072981004,1189000000,1200000000,0.0052642822265625,0.0008611679077148438,41
299950267801,86,10898197583,1163000000,1200000000,0.00626373291015625,0.0005979537963867188,64
300628722449,25,191926350159,963000000,1022000000,0.00444793701171875,0.0006885528564453125,61
299950282965,12563,3071714135,933000000,1200000000,0.003398895263671875,0.0011539459228515625,67
451544768,1225,1183244059,1061000000,1200000000,0.0031585693359375,0.000125885009765625,60
299950236268,333,178161709974,1187000000,1200000000,0.0043487548828125,0.0003452301025390625,95
299950261478,5876,10367667402,1188000000,1200000000,0.0033721923828125,0.0008554458618164062,57
299950285958,5976,1511305326,952000000,1176000000,0.00418853759765625,0.001148223876953125,53
298636906274,1444,10085668598,966000000,1200000000,0.0042266845703125,0.00116729736328125,50
261561472612,189,10626130382,979000000,1200000000,0.0106658935546875,0.0055389404296875,41
299950261447,5135,10085827286,1177000000,1200000000,0.00394439697265625,0.0005435943603515625,47
299950282965,12239,207757622080,932000000,1200000000,0.0065460205078125,0.0006589889526367188,42
299950283218,543,1513292722,999000000,1200000000,0.00555419921875,0.0011577606201171875,79
261561495314,459,1230744607,1122000000,1200000000,0.0109100341796875,0.003162384033203125,38
298636906274,1642,10634676771,965000000,1200000000,0.003997802734375,0.00115203857421875,24
261561500316,251,-1,1050000000,1200000000,0.00909423828125,0.003765106201171875,23
299950263824,91,1887835319,1062000000,1200000000,0.1224365234375,0.002368927001953125,85
300628788687,124,197281014020,1086000000,1103000000,0.004241943359375,0.0005502700805664062,60
261561510320,409,-1,1190000000,1200000000,0.0106353759765625,0.000640869140625,52
299950282965,11963,207757643677,937000000,1200000000,0.00412750244140625,0.00115966796875,4
299950261478,5866,8858073200,1190000000,1200000000,0.00281524658203125,0.0008459091186523438,71
261561505318,358,-1,1122000000,1200000000,0.008697509765625,0.00202178955078125,29
300502493584,278,123140651938,997000000,1200000000,0.00534820556640625,0.001155853271484375,80
299950260553,5381,1364614824,1171000000,1200000000,0.00449371337890625,0.0010738372802734375,49
299950282965,12996,10503094765,932000000,1200000000,0.00415802001953125,0.0007038116455078125,68
261561477614,378,-1,1115000000,1200000000,0.008941650390625,0.00525665283203125,17
299950261478,6354,10517872092,1184000000,1200000000,0.006195068359375,0.00051116943359375,77
300628721632,3,10367664130,906000000,1121000000,0.027130126953125,0.0005626678466796875,24
261561465098,459,1230744607,1117000000,1200000000,0.011138916015625,0.0039215087890625,83
299950282965,12865,216840452668,932000000,1200000000,0.00652313232421875,0.0006971359252929688,96
299950236380,1256,191913279295,1155000000,1200000000,0.0045166015625,0.000736236572265625,54
299950261447,4260,10517846421,1170000000,1200000000,0.00775146484375,0.000339508056640625,87
300628723138,315,10511957312,919000000,1200000000,0.0294189453125,0.0001983642578125,86
451544768,1241,178180744722,1060000000,1200000000,0.002979278564453125,0.000102996826171875,60
300502432019,17,299136748315,1187000000,1200000000,0.00594329833984375,0.00103759765625,78
299950268040,1563,10632913559,1139000000,1200000000,0.0085906982421875,0.0005807876586914062,18
261561465098,403,-1,1118000000,1200000000,0.00927734375,0.00516510009765625,1
261561500316,380,-1,1119000000,1200000000,0.009368896484375,0.0037841796875,30
299950261447,3126,559990149,1112000000,1200000000,0.006378173828125,0.0005865097045898438,74
299950283520,298,178173688388,1139000000,1200000000,0.024261474609375,0.001041412353515625,12
299950264095,1158,10625331736,1160000000,1200000000,0.006683349609375,0.0005311965942382812,93
261561515322,49,-1,983000000,1200000000,0.009185791015625,0.003688812255859375,35
299950267190,77,300551724450,1154000000,1200000000,0.003589630126953125,0.0003376007080078125,82
300502462624,332,510957451,1034000000,1200000000,0.00408172607421875,0.0011692047119140625,53
298636906274,1208,1822728014,903000000,1200000000,0.0078887939453125,0.001125335693359375,56
299950285958,6683,1886045683,951000000,1104000000,0.00350189208984375,0.001148223876953125,71
300502479271,67,11630491356,1006000000,1200000000,0.00679779052734375,0.001129150390625,96
298636906274,465,9177197392,904000000,1200000000,0.00360107421875,0.00116729736328125,66
299950282965,13541,72,937000000,1184000000,0.00604248046875,0.00112152099609375,74
299950261447,4404,1364404906,1180000000,1200000000,0.009979248046875,0.0005092620849609375,2
299950233699,74,2004264017,1125000000,1200000000,0.0042724609375,0.00036334991455078125,62
299950285958,5768,10539082692,956000000,1174000000,0.00434112548828125,0.0011577606201171875,9
299950280049,516,300551656038,1002000000,1200000000,0.003021240234375,0.00116729736328125,91
261561465098,123,2592388897,979000000,1200000000,0.026153564453125,0.00519561767578125,57
299950282965,13011,10367676665,932000000,1200000000,0.00420379638671875,0.0009737014770507812,96
451544768,1562,83,1059000000,1200000000,0.00241851806640625,0.000102996826171875,15
299950286077,236,1822720900,1162000000,1200000000,0.0053863525390625,0.0012912750244140625,32
299950261478,3775,560103347,1125000000,1200000000,0.0078277587890625,0.0009002685546875,65
299950282965,12089,10847623828,935000000,1200000000,0.003482818603515625,0.00115966796875,8
299950261478,6417,510591292,1187000000,1200000000,0.0033416748046875,0.0008602142333984375,92
299950282965,11313,251576269205,931000000,1200000000,0.00311279296875,0.001155853271484375,36
298636906274,922,10059983110,904000000,1200000000,0.00421905517578125,0.0011730194091796875,25
299950267312,74,221672855866,1189000000,1200000000,0.00726318359375,0.0005331039428710938,85
299950267391,1123,10367666363,1129000000,1200000000,0.090087890625,0.0078125,45
299950261478,5074,1010122529,1188000000,1200000000,0.003772735595703125,0.0008554458618164062,61
299950282965,12571,127,931000000,1200000000,0.003753662109375,0.00112152099609375,87
299950282965,13120,10625471955,937000000,1200000000,0.018218994140625,0.0013370513916015625,99
299950261447,4374,13445246067,1177000000,1200000000,0.00429534912109375,0.000514984130859375,16
298636906274,1112,1230494845,906000000,1200000000,0.003391265869140625,0.0011577606201171875,42
299950261447,2632,148788581008,1113000000,1200000000,0.060302734375,0.00112152099609375,1
298636938224,10,182,1186000000,1200000000,0.0075836181640625,0.0008268356323242188,16
261561460096,273,1230877380,1065000000,1200000000,0.0141448974609375,0.0035552978515625,69
299950261478,5832,1266366165,1189000000,1200000000,0.0043792724609375,0.000827789306640625,66
300628707108,79,1886639373,964000000,987000000,0.003902435302734375,0.0005283355712890625,73
261561480115,140,-1,1044000000,1200000000,0.014617919921875,0.005035400390625,41
299950283218,492,10367706373,1003000000,1200000000,0.0078277587890625,0.00115203857421875,79
299950233111,1064,261660473800,1142000000,1200000000,0.0110321044921875,0.0006895065307617188,25
300628719986,0,287028691998,906000000,919000000,0.0038299560546875,0.0007038116455078125,78
299950261478,6203,1230745248,1181000000,1200000000,0.007843017578125,0.000560760498046875,39
299950261478,6087,10367646527,1189000000,1200000000,0.004913330078125,0.0008230209350585938,45
261561485131,544,-1,1184000000,1200000000,0.007965087890625,0.0009412765502929688,27
300502493584,377,153288911883,996000000,1200000000,0.00615692138671875,0.0011425018310546875,93
261561485131,527,10625455388,1186000000,1200000000,0.00689697265625,0.0008573532104492188,8
299950236380,1165,157004854562,1157000000,1200000000,0.00356292724609375,0.0007448196411132812,74
300628722449,2,176130755836,963000000,997000000,0.00432586669921875,0.0007123947143554688,9
299950261478,4739,261162734794,1182000000,1200000000,0.00385284423828125,0.0008802413940429688,61
299950283705,634,10367666360,934000000,1200000000,0.003543853759765625,0.00041294097900390625,84
299950282965,12890,253364146303,931000000,1200000000,0.00431060791015625,0.0006780624389648438,76
299950233699,67,1187935262,1124000000,1200000000,0.00982666015625,0.00043010711669921875,92
202130125009,1792,3172587496,1100000000,1200000000,0.0106353759765625,0.0006513595581054688,58
300628723138,150,10632616630,923000000,1200000000,0.03411865234375,0.0002040863037109375,77
299950288763,3084,197934920877,1139000000,1200000000,0.0152587890625,0.0008144378662109375,19
299950282965,13292,10517825785,933000000,1200000000,0.00337982177734375,0.0011539459228515625,86
299950284394,197,14262154880,1072000000,1200000000,0.0078887939453125,0.0011425018310546875,60
299950282965,13823,10367705331,998000000,1184000000,0.0147857666015625,0.0015621185302734375,22
451544768,1483,10367672093,1060000000,1200000000,0.002780914306640625,0.00010967254638671875,70
299950288763,3158,137202702,1139000000,1200000000,0.0074005126953125,0.0006113052368164062,91
299950282965,12385,123200834325,931000000,1200000000,0.0079193115234375,0.000640869140625,76
299950268040,1588,2004262422,1144000000,1200000000,0.007049560546875,0.0009412765502929688,75
299950261478,5476,1230289308,1183000000,1200000000,0.00698089599609375,0.00046825408935546875,97
299950282965,13017,178160610823,931000000,1200000000,0.006744384765625,0.0006685256958007812,60
299950267134,2700,10632670181,1154000000,1200000000,0.0044403076171875,0.00148773193359375,57
299950236380,1372,1230960209,1155000000,1200000000,0.0027923583984375,0.00074005126953125,100
261561475113,288,173,1117000000,1200000000,0.01019287109375,0.00334930419921875,98
202130125007,3071,276447693928,992000000,1200000000,0.00629425048828125,0.0006809234619140625,1
451544768,1182,153483178029,1060000000,1200000000,0.003025054931640625,0.00012969970703125,6
299950233123,62,300268083388,1125000000,1200000000,0.00501251220703125,0.00051116943359375,58
299950267391,917,299136709615,1151000000,1200000000,0.037353515625,0.0078125,77
300502493584,359,1510210168,996000000,1200000000,0.0054473876953125,0.001132965087890625,39
299950261478,3350,4082865911,1126000000,1200000000,0.06134033203125,0.001468658447265625,78
299950285958,6091,10367672093,950000000,1175000000,0.003551483154296875,0.00110626220703125,31
300502493584,252,10367673357,995000000,1200000000,0.0104217529296875,0.0018558502197265625,64
299950261447,3047,153366294282,1112000000,1200000000,0.0052032470703125,0.000530242919921875,6
298636906274,1524,10059983189,964000000,1200000000,0.0040740966796875,0.0011653900146484375,10
300630915902,17,12626726323,1170000000,1200000000,0.00909423828125,0.0006361007690429688,25
451544768,880,173723043043,990000000,1200000000,0.00373077392578125,0.0001239776611328125,57
299950291107,35,8858210151,1186000000,1200000000,0.00612640380859375,0.0010280609130859375,28
299950236380,1351,178179304406,1154000000,1200000000,0.00424957275390625,0.0007448196411132812,42
300628722913,4,10367673351,925000000,1128000000,0.0100555419921875,0.0006227493286132812,13
300502462624,287,148077746166,1033000000,1200000000,0.019683837890625,0.00146484375,86
261561487633,310,-1,1133000000,1200000000,0.0090789794921875,0.0012054443359375,39
300628723138,123,206701797457,923000000,1200000000,0.024200439453125,0.0002040863037109375,80
11635,3,206799481119,1068000000,1200000000,0.002246856689453125,6.67572021484375e-06,82
299950260553,5155,1184516222,1170000000,1200000000,0.0062255859375,0.0006437301635742188,14
300502476404,685,10517873041,1013000000,1200000000,0.00400543212890625,0.001155853271484375,85
300628723138,268,146483918440,926000000,1200000000,0.0328369140625,0.0002288818359375,4
299950267391,1276,178295283500,1129000000,1200000000,0.0545654296875,0.0078125,92
299950282965,13688,10367666286,937000000,1185000000,0.003658294677734375,0.0011615753173828125,21
299950238673,19842,4213615719,1158000000,1200000000,0.011566162109375,0.0009374618530273438,36
299950267391,924,10084833041,1151000000,1200000000,0.0281982421875,0.0078125,90
451544768,1184,10461426136,1059000000,1200000000,0.0016956329345703125,0.00012493133544921875,24
299950267391,1528,9177131073,1188000000,1200000000,0.0111083984375,0.0016040802001953125,35
299950261478,3004,207766166454,1062000000,1200000000,0.0821533203125,0.0017032623291015625,91
299950282965,12273,178165340016,931000000,1200000000,0.003391265869140625,0.0011615753173828125,27
299950285958,5754,300337126139,950000000,1175000000,0.00412750244140625,0.0011138916015625,13
299950285958,5940,10511925188,949000000,1174000000,0.00408172607421875,0.0011653900146484375,19
300628723138,340,10511999357,919000000,1200000000,0.030914306640625,0.00020599365234375,79
300502497344,30,123020671644,1096000000,1200000000,0.00551605224609375,0.0009012222290039062,23
261561497815,178,10367707637,1029000000,1200000000,0.0166015625,0.00201416015625,6
299950261447,4390,176153116843,1172000000,1200000000,0.0062103271484375,0.00039768218994140625,69
261561460096,386,178180876311,1135000000,1200000000,0.0103607177734375,0.0012454986572265625,74
261561462597,262,8857966354,1066000000,1200000000,0.0109405517578125,0.00533294677734375,7
261561467599,276,204359261511,1098000000,1200000000,0.019989013671875,0.003452301025390625,14
300628788687,88,176153116839,1085000000,1107000000,0.0042724609375,0.0005483627319335938,76
261561467599,180,176135828963,1025000000,1200000000,0.0110015869140625,0.003570556640625,81
299950261478,4028,300552202463,1124000000,1200000000,0.04193115234375,0.001155853271484375,20
299950261478,6285,10503047171,1182000000,1200000000,0.0073699951171875,0.0005664825439453125,22
299950261478,5874,39,1188000000,1200000000,0.0074310302734375,0.0008087158203125,59
261561500316,537,1887812338,1190000000,1200000000,0.00585174560546875,0.0006132125854492188,21
299950286389,37,300551955795,1123000000,1200000000,0.003009796142578125,0.00109100341796875,19
261561497815,295,-1,1098000000,1200000000,0.0098114013671875,0.0019073486328125,41
299950267134,3437,153348149644,1155000000,1200000000,0.0064544677734375,0.00145721435546875,15
299950283218,601,1690312,1003000000,1175000000,0.006134033203125,0.001117706298828125,52
299950282965,12437,3465864563,932000000,1200000000,0.0038299560546875,0.0011157989501953125,69
299950282965,11981,10632751974,931000000,1200000000,0.00417327880859375,0.0011692047119140625,48
261561510320,51,204356829971,1049000000,1200000000,0.0104217529296875,0.00396728515625,11
299950233699,71,1183244060,1125000000,1200000000,0.011474609375,0.00054931640625,3
299950267134,2809,287028891631,1154000000,1200000000,0.005828857421875,0.00147247314453125,42
300502482159,52,1538915478,954000000,1200000000,0.005889892578125,0.00046253204345703125,1
299950261478,4341,12707182337,1124000000,1200000000,0.03228759765625,0.0012454986572265625,95
300628707108,110,11636531832,964000000,985000000,0.004852294921875,0.0005550384521484375,47
299950267391,1447,10625468691,1187000000,1200000000,0.026336669921875,0.002094268798828125,51
299950263785,25,1996649,1184000000,1200000000,0.00305938720703125,0.0005016326904296875,55
300628723138,348,299140173417,925000000,1200000000,0.027984619140625,0.00020503997802734375,68
299950282965,12168,157005873939,931000000,1200000000,0.00437164306640625,0.001163482666015625,97
261561472612,243,-1,1045000000,1200000000,0.009552001953125,0.003566741943359375,2
299950261447,2624,1183455906,1116000000,1200000000,0.0538330078125,0.0016574859619140625,90
299950261447,2910,10367717726,1113000000,1200000000,0.054931640625,0.0015811920166015625,20
299950268040,1305,6663706769,1144000000,1200000000,0.0077362060546875,0.000946044921875,45
261561487633,78,-1,1065000000,1200000000,0.009124755859375,0.003520965576171875,44
299950261447,3336,12707182337,1115000000,1200000000,0.00440216064453125,0.0005626678466796875,17
299950285958,6064,10367725120,954000000,1176000000,0.00518035888671875,0.0011425018310546875,71
261561497815,417,-1,1169000000,1200000000,0.009246826171875,0.000637054443359375,61
451544768,1337,182564588784,1059000000,1200000000,0.002086639404296875,0.0001163482666015625,69
299950282965,12345,1994658484,932000000,1200000000,0.00473785400390625,0.0011806488037109375,50
300628722500,13,148920421224,965000000,1009000000,0.00499725341796875,0.0007410049438476562,81
299950261478,5656,217541718523,1189000000,1200000000,0.00502777099609375,0.00069427490234375,38
299950282965,12479,1228717528,932000000,1200000000,0.00376129150390625,0.0008840560913085938,54
299950261478,4773,157006876617,1182000000,1200000000,0.00669097900390625,0.0005092620849609375,79
299950283705,624,14277276078,944000000,1200000000,0.0136871337890625,0.0003910064697265625,48
298636903048,434,1364683353,1033000000,1200000000,0.0040740966796875,0.0011730194091796875,36
299950282965,12186,202200764529,932000000,1200000000,0.00421905517578125,0.0011692047119140625,78
299950288763,3318,10369006817,1140000000,1200000000,0.00958251953125,0.000629425048828125,1
261561495314,140,-1,983000000,1200000000,0.0089874267578125,0.00350189208984375,50
299950268070,513,191900185233,1132000000,1200000000,0.0084228515625,0.0005931854248046875,78
299950264095,1150,176152092524,1165000000,1200000000,0.00357818603515625,0.00070953369140625,46
299950285958,6706,261660557684,950000000,1103000000,0.003688812255859375,0.0011539459228515625,13
300628767370,0,1970141414,961000000,968000000,0.00453948974609375,5.91278076171875e-05,32
300502430162,286,10511925499,1042000000,1200000000,0.0045623779296875,0.0011577606201171875,93
299950282965,12356,10658516925,931000000,1200000000,0.004608154296875,0.001155853271484375,53
261561495314,263,10368068401,1052000000,1200000000,0.0108642578125,0.003765106201171875,24
261561477614,563,-1,1186000000,1200000000,0.0086212158203125,0.0009660720825195312,25
299950288763,3478,285801803205,1139000000,1200000000,0.005950927734375,0.0007810592651367188,15
299950261478,6387,294974987002,1182000000,1200000000,0.0074005126953125,0.0005130767822265625,81
300502476404,457,12707154061,942000000,1200000000,0.0162353515625,0.00153350830078125,13
299950288763,3209,1538936376,1140000000,1200000000,0.00766754150390625,0.0007200241088867188,76
299950283520,202,300335652325,1141000000,1200000000,0.04345703125,0.001007080078125,59
299950233111,968,1994867180,1144000000,1200000000,0.00403594970703125,0.0011997222900390625,11
299950261478,6461,275097589691,1182000000,1200000000,0.0067138671875,0.0005083084106445312,17
298636906274,1013,275097309630,904000000,1200000000,0.00514984130859375,0.0011463165283203125,100
261561505318,271,163610702732,1053000000,1200000000,0.01055908203125,0.003643035888671875,18
298636906274,654,273480597878,904000000,1200000000,0.03363037109375,0.0015621185302734375,2
300629830184,20,190815725504,1068000000,1105000000,0.022857666015625,0.00037479400634765625,35
299950261478,4345,157006917101,1118000000,1200000000,0.0914306640625,0.00131988525390625,55
299950261478,3814,10367686607,1126000000,1200000000,0.00749969482421875,0.0009031295776367188,75
299950267203,484,10632689813,1176000000,1200000000,0.010589599609375,0.000579833984375,87
299950261447,5134,3120135345,1178000000,1200000000,0.0084991455078125,0.0005121231079101562,33
299950282965,13099,4292320550,936000000,1200000000,0.00568389892578125,0.0011997222900390625,100
300628722449,42,181763727964,964000000,1022000000,0.00457763671875,0.0007600784301757812,91
451544768,1068,157006950671,991000000,1200000000,0.003093719482421875,0.00013065338134765625,75
261561507819,302,-1,1139000000,1200000000,0.0103607177734375,0.001861572265625,68
299950236268,349,191929364530,1187000000,1200000000,0.00502777099609375,0.0003452301025390625,81
299950282965,11842,300337173703,931000000,1200000000,0.004180908203125,0.0009288787841796875,36
300551783961,0,10367671959,1155000000,1200000000,0.03289794921875,0.003139495849609375,65
299950283218,527,153189125953,1003000000,1200000000,0.00458526611328125,0.001140594482421875,7
299950261447,4466,3120055452,1178000000,1200000000,0.00467681884765625,0.0005388259887695312,48
299950233117,563,10085715818,1124000000,1200000000,0.003849029541015625,0.0007600784301757812,9
300502493584,346,162111194006,995000000,1200000000,0.00724029541015625,0.001148223876953125,59
299950289837,123,249700855260,1086000000,1200000000,0.0065765380859375,0.0009059906005859375,38
299950261447,3342,202887405210,1111000000,1200000000,0.0089874267578125,0.0004062652587890625,96
300629809311,83,300335718306,1084000000,1121000000,0.00438690185546875,0.0008630752563476562,78
299950292169,73,197899780318,1143000000,1200000000,0.00536346435546875,0.0003681182861328125,69
202130124356,695,527743956,901000000,1200000000,0.10205078125,0.0234375,1
451544768,1192,10461322582,1060000000,1200000000,0.0036163330078125,0.0001220703125,49
299950282965,10905,10460658184,932000000,1200000000,0.00406646728515625,0.0010547637939453125,71
299950267413,196,182147520779,1092000000,1200000000,0.01708984375,0.0011577606201171875,41
299950288763,3372,1511940917,1140000000,1200000000,0.00713348388671875,0.0007734298706054688,13
299950288763,3182,1511319290,1139000000,1200000000,0.0050506591796875,0.0008716583251953125,53
299950285958,5667,123239445021,951000000,1176000000,0.01959228515625,0.00133514404296875,66
261561480115,446,-1,1186000000,1200000000,0.00665283203125,0.0009670257568359375,35
300628745182,261,178348796012,950000000,1200000000,0.06085205078125,0.003021240234375,76
299950267413,261,10114469469,1154000000,1200000000,0.00281524658203125,0.0006914138793945312,83
299950268040,1229,10505121805,1070000000,1200000000,0.00742340087890625,0.0009336471557617188,35
300502437540,26,273552869515,964000000,1176000000,0.004364013671875,0.0011501312255859375,48
299950261478,4265,163363364344,1124000000,1200000000,0.046630859375,0.001262664794921875,23
261561500316,566,155773968497,1190000000,1200000000,0.0058441162109375,0.000545501708984375,55
451544768,1102,10114235383,991000000,1200000000,0.00262451171875,0.0001277923583984375,64
299950282965,12880,36060552479,931000000,1200000000,0.003292083740234375,0.001155853271484375,89
299950261447,4048,272591130749,1171000000,1200000000,0.0035858154296875,0.0005254745483398438,44
298636906274,1278,178180896829,902000000,1200000000,0.0119171142578125,0.00156402587890625,72
299950233117,693,216840125427,1186000000,1200000000,0.00551605224609375,0.000743865966796875,31
299950261478,3605,8530696351,1119000000,1200000000,0.073974609375,0.0016002655029296875,81
299950267391,1116,8652135279,1129000000,1200000000,0.04345703125,0.0078125,30
298636906274,981,1183354757,902000000,1200000000,0.0101318359375,0.0015621185302734375,41
261561465098,224,6663785040,1046000000,1200000000,0.0093536376953125,0.0035552978515625,97
300502476404,472,191990787878,945000000,1200000000,0.0115966796875,0.0015544891357421875,41
299950261478,5787,10503591252,1189000000,1200000000,0.00467681884765625,0.000850677490234375,87
261561510320,255,176136843096,1119000000,1200000000,0.0108795166015625,0.00193023681640625,33
300629830184,12,8858319847,1067000000,1107000000,0.014190673828125,0.000431060791015625,79
299950264095,1060,178180744723,1161000000,1200000000,0.00318145751953125,0.0007114410400390625,67
298636906274,1223,1008899657,902000000,1200000000,0.0102691650390625,0.0015621185302734375,72
299950282965,13633,163421456158,931000000,1185000000,0.0042724609375,0.001140594482421875,94
261561512821,47,-1,1005000000,1200000000,0.0090484619140625,0.0019683837890625,18
300629809311,72,10367652075,1084000000,1117000000,0.004638671875,0.0008525848388671875,40
299950282965,11430,99,932000000,1200000000,0.0051422119140625,0.0011081695556640625,100
299950285958,5492,157006930501,953000000,1177000000,0.003894805908203125,0.0011615753173828125,71
261561467599,99,-1,1026000000,1200000000,0.023223876953125,0.00621795654296875,86
299950261447,2856,10511925234,1115000000,1200000000,0.04541015625,0.0016422271728515625,59
261561472612,300,-1,1047000000,1200000000,0.0092620849609375,0.0036773681640625,79
261561505318,130,178160623344,983000000,1200000000,0.010589599609375,0.003818511962890625,85
261561465098,102,-1,977000000,1200000000,0.0086669921875,0.00521087646484375,47
299950261478,5574,170,1182000000,1200000000,0.00754547119140625,0.000518798828125,75
261561467599,32,-1,954000000,1200000000,0.0099029541015625,0.00560760498046875,51
261561510320,234,-1,1121000000,1200000000,0.010711669921875,0.003826141357421875,98
299950282965,12511,3065722092,941000000,1200000000,0.00334930419921875,0.0011425018310546875,52
299950261478,4931,299140130147,1187000000,1200000000,0.0055694580078125,0.00086212158203125,28
202130121170,276,300552082902,932000000,1200000000,0.00354766845703125,0.00110626220703125,82
299950282965,11850,300335960343,931000000,1200000000,0.003936767578125,0.0011348724365234375,66
261561475113,315,-1,1117000000,1200000000,0.0107574462890625,0.0052490234375,22
261561467599,203,-1,1094000000,1200000000,0.008941650390625,0.0051422119140625,70
11515,0,2592555559,905000000,1200000000,0.26904296875,0.01812744140625,99
261561510320,296,157005873940,1119000000,1200000000,0.014312744140625,0.001926422119140625,41
299950233975,124,10632568529,1155000000,1200000000,0.003936767578125,0.0005311965942382812,10
299950236380,785,176115653059,1084000000,1200000000,0.0098114013671875,0.0008802413940429688,57
261561472612,264,10380183687,1045000000,1200000000,0.0105743408203125,0.003566741943359375,69
261561477614,554,300552003572,1185000000,1200000000,0.00510406494140625,0.0009622573852539062,8
261561467599,429,-1,1166000000,1200000000,0.01593017578125,0.0009508132934570312,90
299950261447,4619,191286826329,1175000000,1200000000,0.0064849853515625,0.00060272216796875,51
299950236330,886,1821654837,923000000,1071000000,0.00429534912109375,0.001163482666015625,54
261561500316,521,-1,1192000000,1200000000,0.003719329833984375,0.0005407333374023438,46
451544768,1222,182564814124,1059000000,1200000000,0.002788543701171875,0.00011730194091796875,39
300628745182,233,10085715490,949000000,1200000000,0.051513671875,0.003116607666015625,84
299950261447,3056,731174474,1117000000,1200000000,0.00745391845703125,0.00057220458984375,76
299950238673,19833,216840125427,1159000000,1200000000,0.016510009765625,0.0014438629150390625,27
299950268070,666,178180842285,1188000000,1200000000,0.00722503662109375,0.0005826950073242188,52
299950261447,2968,157006917100,1112000000,1200000000,0.023162841796875,0.0009593963623046875,29
299950261478,3879,1892025711,1124000000,1200000000,0.00453948974609375,0.0007305145263671875,11
261561477614,217,-1,1044000000,1200000000,0.0099945068359375,0.0050201416015625,80
299950261447,4939,10634161890,1176000000,1200000000,0.002651214599609375,0.0005407333374023438,32
299950261478,5368,1970137687,1189000000,1200000000,0.00530242919921875,0.000812530517578125,70
299950267391,1260,1230910528,1151000000,1200000000,0.03271484375,0.0078125,88
300628707108,73,1886682595,963000000,985000000,0.0036468505859375,0.0005407333374023438,62
261561505318,509,-1,1192000000,1200000000,0.003673553466796875,0.0005464553833007812,4
299950236380,772,300336990941,1078000000,1200000000,0.007965087890625,0.0005779266357421875,26
299950282965,13731,3120011984,998000000,1186000000,0.0086822509765625,0.00064849853515625,11
299950261447,5109,275097495963,1177000000,1200000000,0.00760650634765625,0.0005168914794921875,22
299950261478,4565,1230955013,1188000000,1200000000,0.00328826904296875,0.0008525848388671875,28
300628723138,329,123140651937,923000000,1200000000,0.02740478515625,0.0002079010009765625,65
261561487633,161,244916153963,1066000000,1200000000,0.0098419189453125,0.0034637451171875,73
261561505318,165,-1,985000000,1200000000,0.0089569091796875,0.00360107421875,78
298636906274,594,176153116849,904000000,1200000000,0.003620147705078125,0.0011653900146484375,82
299950261478,6110,195985200479,1182000000,1200000000,0.0081939697265625,0.0004978179931640625,65
300628707108,39,8655222319,965000000,984000000,0.0061187744140625,0.0005617141723632812,38
300628707108,135,12703043255,964000000,983000000,0.0050201416015625,0.0005559921264648438,69
261561500316,337,1230283794,1119000000,1200000000,0.0101776123046875,0.003662109375,78
261561505318,157,-1,985000000,1200000000,0.0086212158203125,0.00384521484375,10
299950264095,1179,157006891542,1159000000,1200000000,0.0086669921875,0.00044155120849609375,69
300502430162,221,2592325399,1041000000,1200000000,0.004119873046875,0.001155853271484375,49
299950261478,6376,182136389287,1181000000,1200000000,0.00650787353515625,0.0008325576782226562,79
299950236380,1035,148044952531,1155000000,1200000000,0.00417327880859375,0.0007486343383789062,85
300628723138,69,10367594256,923000000,1200000000,0.027801513671875,0.0002117156982421875,24
300628745182,92,3459668343,951000000,1200000000,0.0523681640625,0.00318145751953125,83
298419996795,0,8858135619,1185000000,1200000000,0.020416259765625,0.0012149810791015625,70
261561502817,43,841837712,1051000000,1200000000,0.01007080078125,0.002033233642578125,100
300502493584,364,10368481391,996000000,1200000000,0.0039215087890625,0.0011501312255859375,83
300502476404,655,10624316674,1012000000,1200000000,0.003833770751953125,0.0011692047119140625,45
451544768,1492,1822720901,1061000000,1200000000,0.003269195556640625,0.000110626220703125,24
299950261447,2789,1994827965,1113000000,1200000000,0.0826416015625,0.001453399658203125,96
299950282965,12591,300551724452,934000000,1200000000,0.0033416748046875,0.001155853271484375,61
451544768,1053,10367611124,990000000,1200000000,0.0033416748046875,0.0001316070556640625,65
299950261447,4340,182136309498,1174000000,1200000000,0.003391265869140625,0.0005559921264648438,82
261561512821,437,-1,1140000000,1200000000,0.00909423828125,0.001880645751953125,57
299950233117,728,178298975243,1186000000,1200000000,0.0046539306640625,0.0007314682006835938,11
299950267134,3284,1510866805,1158000000,1200000000,0.0081939697265625,0.001392364501953125,37
299950285958,5957,162083223859,953000000,1176000000,0.004302978515625,0.0011577606201171875,16
299950260553,5202,276646235024,1170000000,1200000000,0.00438690185546875,0.001132965087890625,40
299950233111,1134,191978741670,1147000000,1200000000,0.003936767578125,0.0012111663818359375,95
299950261447,3641,257871008128,1172000000,1200000000,0.008880615234375,0.0004024505615234375,32
299950285958,5924,261662743649,956000000,1177000000,0.00379180908203125,0.00118255615234375,51
299950233111,1097,1230839847,1147000000,1200000000,0.00492095947265625,0.0012149810791015625,25
261561507819,338,-1,1139000000,1200000000,0.0097198486328125,0.0019016265869140625,13
299950233117,650,300335463493,1185000000,1200000000,0.007049560546875,0.00043773651123046875,4
299950285229,76,61301617,934000000,1200000000,0.017913818359375,0.001674652099609375,25
299950236433,659,10512013826,1034000000,1200000000,0.021148681640625,0.0011920928955078125,18
261561495314,44,12896501547,981000000,1200000000,0.017852783203125,0.002025604248046875,65
451544768,1020,1183214691,990000000,1200000000,0.00626373291015625,0.00012969970703125,30
261561477614,266,-1,1047000000,1200000000,0.0091094970703125,0.0050048828125,16
298636906274,505,10114586721,904000000,1200000000,0.003696441650390625,0.001163482666015625,77
300628707108,189,157004854555,965000000,986000000,0.00582122802734375,0.0005598068237304688,47
299950282815,336,3460009805,912000000,1200000000,0.0052947998046875,0.000457763671875,98
299950233111,1017,10625482222,1147000000,1200000000,0.00572967529296875,0.0012149810791015625,49
299950282965,11828,176130755815,931000000,1200000000,0.00469970703125,0.001163482666015625,61
299950267391,1482,217541360088,1188000000,1200000000,0.00408172607421875,0.0007181167602539062,22
261561507819,176,-1,1072000000,1200000000,0.0084381103515625,0.001995086669921875,24
299950261478,4880,10368072230,1182000000,1200000000,0.00501251220703125,0.0007171630859375,66
300628745182,3,1115711893,949000000,1200000000,0.099609375,0.002956390380859375,23
299950282965,13580,3074971879,931000000,1186000000,0.0056915283203125,0.001117706298828125,1
261561477614,309,191937416127,1046000000,1200000000,0.01141357421875,0.0051116943359375,66
261561475113,116,204356763479,1047000000,1200000000,0.025665283203125,0.00533294677734375,26
300502431506,77,261660451216,1011000000,1153000000,0.003612518310546875,0.001171112060546875,66
299950267134,2884,10367640941,1150000000,1200000000,0.008575439453125,0.0008831024169921875,59
299950261447,4804,1821663476,1177000000,1200000000,0.00420379638671875,0.0005083084106445312,3
299950285958,6691,1252550696,955000000,1102000000,0.00331878662109375,0.001155853271484375,35
299950279987,263,10625331735,1058000000,1200000000,0.02197265625,0.0012569427490234375,70
299950261447,4727,10367689826,1177000000,1200000000,0.0124969482421875,0.000568389892578125,63
299950282965,10804,157004840325,931000000,1200000000,0.0081939697265625,0.0006628036499023438,30
299950261447,4870,3110712685,1179000000,1200000000,0.005889892578125,0.0005254745483398438,64
299950268040,1660,178296322776,1139000000,1200000000,0.0079345703125,0.0005779266357421875,23
299950267515,618,1364676225,1155000000,1200000000,0.003765106201171875,0.0011196136474609375,99
299950261447,3000,1237252424,1112000000,1200000000,0.03350830078125,0.0010471343994140625,88
299950261447,4184,182564466118,1177000000,1200000000,0.0040435791015625,0.0005397796630859375,59
298636906274,755,11635198690,904000000,1200000000,0.0059661865234375,0.00115966796875,57
299950282965,12852,510591337,931000000,1200000000,0.00485992431640625,0.0008726119995117188,18
299950282965,12822,430537042,937000000,1200000000,0.0151519775390625,0.0013275146484375,97
261561475113,42,191943441685,1045000000,1200000000,0.0113067626953125,0.00531005859375,94
299950285958,6104,251576328916,951000000,1177000000,0.003452301025390625,0.0011539459228515625,80
299950261478,6124,10085720823,1189000000,1200000000,0.00330352783203125,0.0008554458618164062,33
299950285229,82,1512411255,1003000000,1200000000,0.018585205078125,0.0017032623291015625,47
299950285958,6135,153496298341,951000000,1177000000,0.00739288330078125,0.001125335693359375,65
261561487633,52,261660662270,1064000000,1200000000,0.028167724609375,0.00504302978515625,55
299950261447,3088,430539914,1114000000,1200000000,0.006134033203125,0.0005998611450195312,66
298636906274,836,10512314441,903000000,1200000000,0.003021240234375,0.001163482666015625,65
299950261478,6172,8858133219,1189000000,1200000000,0.0045166015625,0.0008611679077148438,41
261561460096,129,-1,995000000,1200000000,0.0087738037109375,0.00505828857421875,17
261561472612,645,-1,1185000000,1200000000,0.008087158203125,0.0009365081787109375,28
299950261478,5877,10367683631,1189000000,1200000000,0.002559661865234375,0.0008382797241210938,80
299950267436,230,2003778392,1155000000,1200000000,0.00489044189453125,0.00067901611328125,19
299950234030,162,157006876613,1061000000,1200000000,0.00392913818359375,0.0011653900146484375,68
299950261447,3938,141,1175000000,1200000000,0.005401611328125,0.00044155120849609375,42
299950261447,3994,1230325325,1177000000,1200000000,0.003082275390625,0.00052642822265625,62
261561512821,88,-1,1000000000,1200000000,0.0096893310546875,0.003997802734375,13
261561475113,198,-1,1117000000,1200000000,0.0090789794921875,0.0050506591796875,68
300502476404,492,10367683896,944000000,1200000000,0.014556884765625,0.0015163421630859375,55
299950264095,1096,216840685320,1161000000,1200000000,0.00362396240234375,0.0007104873657226562,79
261561500316,158,-1,979000000,1200000000,0.008880615234375,0.00379180908203125,88
299950261478,5784,559943085,1192000000,1200000000,0.00421905517578125,0.0008373260498046875,5
300628717876,14,10367688054,902000000,1114000000,0.026458740234375,0.0005121231079101562,36
299950261447,2752,173717999133,1114000000,1200000000,0.03887939453125,0.0009469985961914062,82
299950267391,1103,250259387764,1151000000,1200000000,0.0333251953125,0.0078125,54
299950267134,3357,10068682834,1157000000,1200000000,0.0061492919921875,0.0014820098876953125,16
299950282965,10941,217989613091,931000000,1200000000,0.005950927734375,0.0007801055908203125,7
299950261478,5085,203711833888,1186000000,1200000000,0.00592803955078125,0.00092315673828125,69
261561477614,296,270626927969,1047000000,1200000000,0.01611328125,0.0035552978515625,1
261561495314,450,-1,1123000000,1200000000,0.008209228515625,0.001861572265625,64
299950285961,400,287827652014,917000000,1200000000,0.00598907470703125,0.0005159378051757812,11
299950261447,2945,1970135461,1113000000,1200000000,0.05108642578125,0.0016422271728515625,56
299950261478,3307,11630497042,1124000000,1200000000,0.05023193359375,0.00130462646484375,53
261561485131,539,-1,1185000000,1200000000,0.0081024169921875,0.0009374618530273438,56
261561507819,354,-1,1139000000,1200000000,0.008087158203125,0.001861572265625,37
299950285958,6221,153377318435,950000000,1175000000,0.006011962890625,0.001132965087890625,14
299950261478,3998,1885479174,1125000000,1200000000,0.00897216796875,0.0008983612060546875,25
299950285958,6243,1229848182,951000000,1174000000,0.00379180908203125,0.001155853271484375,82
299950288763,3309,10367673170,1139000000,1200000000,0.004150390625,0.00115966796875,60
261561467599,170,261662849335,1025000000,1200000000,0.0104522705078125,0.00525665283203125,94
299950287848,666,123118561171,901000000,1200000000,0.0046234130859375,0.0007371902465820312,6
299950261478,4912,154093710924,1188000000,1200000000,0.00408935546875,0.0008373260498046875,83
299950268040,1456,275422444032,1144000000,1200000000,0.00751495361328125,0.0009355545043945312,11
299950261478,3865,1230432076,1126000000,1200000000,0.00611114501953125,0.0009260177612304688,64
300502430162,219,178178218924,1045000000,1200000000,0.00447845458984375,0.0011615753173828125,84
299950261447,2575,191901189178,1111000000,1200000000,0.0843505859375,0.002696990966796875,9
299950282965,10777,300551955795,933000000,1200000000,0.003185272216796875,0.0010986328125,69
300628723138,453,148025660262,924000000,1200000000,0.03411865234375,0.00020694732666015625,57
299950261447,2647,3459670337,1112000000,1200000000,0.08447265625,0.0014514923095703125,40
299950282965,13521,3074780854,932000000,1188000000,0.0067596435546875,0.0006694793701171875,95
299950236330,828,1510799076,924000000,1200000000,0.0042724609375,0.00116729736328125,32
299950261478,5756,11630497040,1191000000,1200000000,0.00383758544921875,0.0008153915405273438,79
299950238673,19891,300335652324,952000000,1104000000,0.00658416748046875,0.0006542205810546875,89
299950288763,3197,206797356583,1139000000,1200000000,0.011566162109375,0.00067138671875,88
299950260553,5178,162227909078,1176000000,1200000000,0.004302978515625,0.0011444091796875,8
261561465098,30,-1,907000000,1200000000,0.0088958740234375,0.00501251220703125,19
299950261478,3245,10632612726,1124000000,1200000000,0.232421875,0.001220703125,37
300502421518,125,182136365029,983000000,1200000000,0.00439453125,0.0011653900146484375,92
299950289683,585,3468766005,947000000,1200000000,0.00927734375,0.0007982254028320312,28
261561472612,473,-1,1115000000,1200000000,0.0091094970703125,0.0052337646484375,28
261561495314,339,-1,1122000000,1200000000,0.00909423828125,0.003650665283203125,58
300628707108,42,276650913306,966000000,986000000,0.0099639892578125,0.0005521774291992188,74
299950236268,376,191901195569,1187000000,1200000000,0.00555419921875,0.00035190582275390625,80
299950233111,958,10632655385,1147000000,1200000000,0.00424957275390625,0.0011997222900390625,56
299950282965,11263,1970141497,931000000,1200000000,0.00550079345703125,0.0010051727294921875,9
232824291323,32,14304546159,916000000,1200000000,0.01971435546875,0.0015468597412109375,33
299950285958,6314,3071698179,950000000,1174000000,0.003284454345703125,0.001171112060546875,4
298636906274,1006,463556976,903000000,1200000000,0.00568389892578125,0.0011615753173828125,40
299950261478,3743,261787169316,1124000000,1200000000,0.022796630859375,0.0011539459228515625,27
299950261447,4477,157002836239,1170000000,1200000000,0.0045623779296875,0.0004024505615234375,44
299950261478,6507,9177169430,1182000000,1200000000,0.0061492919921875,0.000492095947265625,96
300502476404,821,10632724490,1084000000,1200000000,0.0052947998046875,0.0011653900146484375,32
261561505318,172,1887803474,982000000,1200000000,0.0121612548828125,0.0020599365234375,40
299950267134,2641,294975034872,1151000000,1200000000,0.004852294921875,0.0014209747314453125,34
299950260553,5335,232283763344,1170000000,1200000000,0.00751495361328125,0.0006504058837890625,34
299950261478,4926,10517872090,1188000000,1200000000,0.002628326416015625,0.0008535385131835938,33
451544768,875,231748311699,991000000,1200000000,0.003265380859375,0.00012874603271484375,50
261561472612,257,10503063853,1046000000,1200000000,0.0128173828125,0.00354766845703125,54
299950282965,10848,2003778392,931000000,1200000000,0.002948760986328125,0.0011501312255859375,99
261561500316,443,1886313858,1121000000,1200000000,0.010528564453125,0.0019130706787109375,67
261561472612,307,163650792854,1046000000,1200000000,0.0113372802734375,0.00516510009765625,31
299950282965,11657,1891692359,931000000,1200000000,0.00388336181640625,0.0011501312255859375,48
299950285958,5503,287028331155,951000000,1179000000,0.00426483154296875,0.0011768341064453125,18
299950261447,2744,148912331997,1111000000,1200000000,0.04815673828125,0.001129150390625,81
261561485131,52,-1,974000000,1200000000,0.0092926025390625,0.0053863525390625,56
298636906274,1291,8858337421,904000000,1200000000,0.00383758544921875,0.001171112060546875,59
299950260553,5310,191279765151,1170000000,1200000000,0.004119873046875,0.0011444091796875,51
299950282695,17,148030708657,1132000000,1200000000,0.00420379638671875,0.0003757476806640625,50
299950233117,573,10622300429,1125000000,1200000000,0.0045623779296875,0.0007658004760742188,49
299950261478,5349,10367671959,1189000000,1200000000,0.003269195556640625,0.0008592605590820312,71
299950267391,898,10632610871,1152000000,1200000000,0.0374755859375,0.0078125,97
299950233699,63,182564466120,1125000000,1200000000,0.00406646728515625,0.0003490447998046875,86
298636931396,13,527519318,1044000000,1200000000,0.0034027099609375,0.000873565673828125,50
299950282965,12157,10085702299,937000000,1200000000,0.00354766845703125,0.0009164810180664062,44
261561462597,190,10503094766,1064000000,1200000000,0.0108489990234375,0.005279541015625,31
451544768,952,10633042063,990000000,1200000000,0.003704071044921875,0.0001354217529296875,40
299950268040,1651,10369085991,1142000000,1200000000,0.00733184814453125,0.0009326934814453125,2
261561515322,208,10060019727,1050000000,1200000000,0.0150146484375,0.00389862060546875,27
299950282965,11445,1887851074,931000000,1200000000,0.00738525390625,0.000885009765625,18
299950282965,13109,273550649795,931000000,1200000000,0.00508880615234375,0.0011653900146484375,92
261561462597,93,-1,993000000,1200000000,0.0109405517578125,0.006134033203125,24
451544768,1487,123269949822,1061000000,1200000000,0.00336456298828125,0.0001125335693359375,53
261561520324,340,-1,1137000000,1200000000,0.0081787109375,0.0018749237060546875,67
299950282965,10962,10503578941,932000000,1200000000,0.00606536865234375,0.0007953643798828125,3
299950267391,1026,276646290120,1151000000,1200000000,0.0384521484375,0.0078125,99
299950236330,871,1230971585,925000000,1073000000,0.00313568115234375,0.0011577606201171875,23
299950282965,11172,10084804533,931000000,1200000000,0.00592803955078125,0.000652313232421875,99
261561485131,156,300552082904,974000000,1200000000,0.010345458984375,0.0041656494140625,65
299950267413,274,10539279121,1154000000,1200000000,0.00577545166015625,0.0007038116455078125,50
299950261478,5325,153508353075,1187000000,1200000000,0.0049285888671875,0.0006170272827148438,43
299950282965,11124,1970140531,932000000,1200000000,0.00421142578125,0.0011730194091796875,26
451544768,1027,191918303520,990000000,1200000000,0.00354766845703125,0.0001316070556640625,88
299950282965,10821,1697104521,931000000,1200000000,0.00311279296875,0.0011272430419921875,32
299950284394,212,153193130855,1074000000,1200000000,0.006134033203125,0.0011310577392578125,19
299950267391,1710,178179375613,1186000000,1200000000,0.023162841796875,0.004608154296875,47
299950261447,3886,1511113985,1177000000,1200000000,0.00672149658203125,0.0005197525024414062,30
300628745182,245,10625328627,950000000,1200000000,0.0703125,0.003139495849609375,68
261561480115,413,261662713357,1184000000,1200000000,0.00492095947265625,0.000370025634765625,95
261561515322,550,8652104630,1192000000,1200000000,0.005706787109375,0.0005502700805664062,37
299950261478,6426,261510217990,1182000000,1200000000,0.00452423095703125,0.000598907470703125,24
299950285958,5788,157002824681,951000000,1175000000,0.009796142578125,0.0011692047119140625,55
261561467599,313,-1,1094000000,1200000000,0.0090789794921875,0.00521087646484375,23
261561487633,374,-1,1136000000,1200000000,0.00946044921875,0.0012149810791015625,88
299950285958,6322,430526245,951000000,1174000000,0.0078125,0.000644683837890625,24
300502462624,242,10369023311,1033000000,1200000000,0.026641845703125,0.00147247314453125,45
299950261478,6258,3110375927,1191000000,1200000000,0.00241851806640625,0.0008440017700195312,51
299950288763,3462,123034492928,1140000000,1200000000,0.0136260986328125,0.0006399154663085938,33
299950268040,1426,202853111312,1145000000,1200000000,0.0080108642578125,0.0009365081787109375,25
299950267134,3108,10511922789,1156000000,1200000000,0.00577545166015625,0.0015239715576171875,64
299950282965,11570,174,931000000,1200000000,0.0038909912109375,0.0010776519775390625,37
299950238673,19934,300335604615,955000000,1102000000,0.00374603271484375,0.00115966796875,92
299950282965,12708,157006896468,930000000,1200000000,0.003849029541015625,0.001148223876953125,27
299950267134,3048,157006943961,1151000000,1200000000,0.00492095947265625,0.0014019012451171875,37
300502479271,83,8859346869,1005000000,1156000000,0.00396728515625,0.0011157989501953125,8
261561502817,400,-1,1190000000,1200000000,0.008056640625,0.000637054443359375,29
300628745182,8,221660208003,949000000,1200000000,0.0657958984375,0.003101348876953125,1
298636906274,1726,191960644877,1034000000,1163000000,0.00388336181640625,0.00116729736328125,88
261561505318,121,123233374721,982000000,1200000000,0.0126495361328125,0.003566741943359375,79
299950291003,539,10367709159,1044000000,1200000000,0.00601959228515625,0.0006132125854492188,63
299950236330,820,13448835980,922000000,1200000000,0.003749847412109375,0.001190185546875,33
299950261447,3489,273480523664,1177000000,1200000000,0.0030670166015625,0.0004291534423828125,56
299950261447,3094,527487680,1112000000,1200000000,0.003631591796875,0.00054931640625,66
299950267515,661,1230201067,1156000000,1200000000,0.003505706787109375,0.0011081695556640625,95
299950289300,409,173784957840,1054000000,1200000000,0.0059356689453125,0.00039005279541015625,19
261561477614,522,-1,1186000000,1200000000,0.00543975830078125,0.0009527206420898438,84
299950282965,13463,123257725234,932000000,1185000000,0.003307342529296875,0.0006437301635742188,11
299950288763,3092,123006543178,1139000000,1200000000,0.0105743408203125,0.000682830810546875,63
299950261447,5091,2592541152,1180000000,1200000000,0.00553131103515625,0.0005245208740234375,60
299950236380,850,272269753350,1154000000,1200000000,0.00421905517578125,0.0007572174072265625,19
299950261478,5276,153238331127,1190000000,1200000000,0.0071563720703125,0.0008440017700195312,54
300628723138,449,10503047177,923000000,1200000000,0.02813720703125,0.0002002716064453125,78
261561515322,309,191937416127,1049000000,1200000000,0.01080322265625,0.00370025634765625,22
451544768,848,206701732758,990000000,1200000000,0.0030517578125,0.00012111663818359375,37
299950261447,3777,10632578366,1177000000,1200000000,0.003253936767578125,0.0005426406860351562,35
299950284394,119,123140651938,1003000000,1200000000,0.006591796875,0.00115203857421875,4
300625463176,104,10625466410,1065000000,1200000000,0.13134765625,0.01239013671875,60
300502419631,11,157006896471,1013000000,1200000000,0.018280029296875,0.00617218017578125,58
299950261478,5111,178217918229,1182000000,1200000000,0.0081024169921875,0.0005664825439453125,94
300502482589,5,1279282360,1123000000,1200000000,0.012359619140625,0.002193450927734375,36
261561462597,286,-1,1065000000,1200000000,0.0100860595703125,0.00519561767578125,33
261561502817,327,-1,1192000000,1200000000,0.0014095306396484375,0.000209808349609375,78
299950282965,11036,206702164843,932000000,1200000000,0.00446319580078125,0.0011692047119140625,46
451544768,1503,1230161332,1059000000,1200000000,0.0017681121826171875,0.00010395050048828125,26
300628707108,51,273552890997,970000000,985000000,0.011260986328125,0.0005626678466796875,47
299950268070,558,217541768934,1134000000,1200000000,0.0090179443359375,0.0006103515625,33
299950261447,3600,182564420848,1176000000,1200000000,0.004150390625,0.0005359649658203125,15
299950261447,4918,559854830,1177000000,1200000000,0.00408935546875,0.000518798828125,19
298636903048,598,182564478252,1032000000,1200000000,0.00421142578125,0.001155853271484375,56
261561480115,48,178180859327,1047000000,1200000000,0.0105133056640625,0.005279541015625,7
299950285958,6239,1228656053,950000000,1174000000,0.00385284423828125,0.001140594482421875,22
299950261447,4225,155804146149,1172000000,1200000000,0.0064239501953125,0.00044536590576171875,67
300628745182,234,178105201807,949000000,1200000000,0.05596923828125,0.003368377685546875,20
261561500316,392,-1,1120000000,1200000000,0.0092010498046875,0.00266265869140625,31
261561497815,65,10084769543,1032000000,1200000000,0.015869140625,0.003749847412109375,84
299950233111,937,10369007078,1143000000,1200000000,0.00445556640625,0.001224517822265625,59
299950261447,4563,4255991528,1176000000,1200000000,0.00585174560546875,0.0005340576171875,22
202130124788,5225,3418804,1101000000,1200000000,0.0082244873046875,0.00044345855712890625,92
300502493584,247,153298768338,996000000,1200000000,0.0100860595703125,0.001861572265625,91
299950282965,13087,221796817522,935000000,1200000000,0.0040130615234375,0.0011749267578125,29
298636903048,626,191910265124,1033000000,1200000000,0.00411224365234375,0.00115966796875,26
261561495314,230,261324674795,1050000000,1200000000,0.01708984375,0.003665924072265625,49
299950282965,11022,157004849116,933000000,1200000000,0.0055084228515625,0.0007915496826171875,66
299950268040,1353,207758710383,1145000000,1200000000,0.00589752197265625,0.0009288787841796875,1
299950285958,6525,1511828920,956000000,1106000000,0.003635406494140625,0.0011539459228515625,92
299950236380,1251,116,1154000000,1200000000,0.003482818603515625,0.000736236572265625,91
299950261447,4250,182564570664,1175000000,1200000000,0.005828857421875,0.00052642822265625,98
202130125009,1781,10068559633,948000000,1200000000,0.0053863525390625,0.0006580352783203125,23
299950267134,3416,273485995504,1157000000,1200000000,0.0069122314453125,0.0015163421630859375,17
261561512821,345,-1,1139000000,1200000000,0.01611328125,0.0008020401000976562,54
299950236380,1411,1230910528,1154000000,1200000000,0.002750396728515625,0.0007343292236328125,100
299950282965,12842,10367719128,936000000,1200000000,0.003597259521484375,0.001155853271484375,4
299950267391,945,2593297131,1149000000,1200000000,0.04986572265625,0.0078125,53
299950267203,450,1510407129,1175000000,1200000000,0.0080413818359375,0.0005884170532226562,5
299950261447,3639,157006930496,1171000000,1200000000,0.00608062744140625,0.00034618377685546875,54
299950286077,245,10367675754,1162000000,1200000000,0.006561279296875,0.0012874603271484375,50
299950238673,19882,300335502299,1159000000,1200000000,0.010894775390625,0.0008373260498046875,18
299950264095,990,1230700143,1162000000,1200000000,0.003742218017578125,0.0007200241088867188,48
299950267391,1629,157002824681,1187000000,1200000000,0.017730712890625,0.001865386962890625,46
299950282965,12838,157006896471,936000000,1200000000,0.00409698486328125,0.00115966796875,17
299950236268,288,10511997119,1188000000,1200000000,0.003841400146484375,0.000347137451171875,9
299950282965,11751,153187118637,931000000,1200000000,0.00624847412109375,0.0010738372802734375,8
261561462597,397,-1,1133000000,1200000000,0.009918212890625,0.0033111572265625,83
299950286691,1,11631743186,1164000000,1200000000,0.0107421875,0.001041412353515625,55
298636903048,549,6663413432,1033000000,1200000000,0.00408172607421875,0.001171112060546875,23
300628718201,16,278533642511,908000000,1200000000,0.00414276123046875,0.00037288665771484375,20
300628745182,101,144716810262,950000000,1200000000,0.078369140625,0.00311279296875,68
261561465098,407,-1,1115000000,1200000000,0.00927734375,0.00516510009765625,78
4988186,112,10367664078,979000000,1200000000,0.05853271484375,0.0007572174072265625,14
261561477614,80,-1,976000000,1200000000,0.0092926025390625,0.00506591796875,20
299950261478,3837,205696732810,1127000000,1200000000,0.007232666015625,0.0007410049438476562,49
299950268070,497,157013081663,1133000000,1200000000,0.011444091796875,0.0005998611450195312,70
299950261478,5094,148003292457,1182000000,1200000000,0.0074462890625,0.0005779266357421875,24
299950261478,5945,430535787,1187000000,1200000000,0.00371551513671875,0.00084686279296875,72
299950261478,6499,7482930386,1183000000,1200000000,0.0031890869140625,0.0007143020629882812,38
298636906274,1534,157006917093,964000000,1200000000,0.0041656494140625,0.0011692047119140625,46
261561477614,184,10503649121,1046000000,1200000000,0.024993896484375,0.00531005859375,93
299950288763,3423,559935183,1139000000,1200000000,0.00737762451171875,0.0006284713745117188,57
300502421518,122,176136843100,983000000,1200000000,0.0046539306640625,0.0011615753173828125,29
299950282965,12921,10511922335,931000000,1200000000,0.0054473876953125,0.0006608963012695312,7
299950285958,5496,269801119514,950000000,1178000000,0.00661468505859375,0.0006666183471679688,47
299950261447,4303,273552963704,1172000000,1200000000,0.0061798095703125,0.00034236907958984375,53
261561500316,399,-1,1118000000,1200000000,0.0089874267578125,0.0018672943115234375,17
299950288763,3214,10085703842,1139000000,1200000000,0.006378173828125,0.0006437301635742188,49
261561510320,328,176141967943,1123000000,1200000000,0.0110321044921875,0.003814697265625,88
451544768,946,10060017846,991000000,1200000000,0.00464630126953125,0.0001239776611328125,38
299950261447,3820,11630485768,1178000000,1200000000,0.00444793701171875,0.0005207061767578125,77
299950267134,3137,12701372927,1157000000,1200000000,0.006683349609375,0.00147247314453125,48
298636903048,442,123047508869,1033000000,1200000000,0.003753662109375,0.001171112060546875,17
299950261447,3860,10632687046,1177000000,1200000000,0.0087432861328125,0.0006055831909179688,73
261561505318,478,270650981578,1121000000,1200000000,0.0107879638671875,0.00374603271484375,93
299950260553,5127,273552869513,1171000000,1200000000,0.004791259765625,0.00115966796875,54
261561465098,382,-1,1115000000,1200000000,0.009124755859375,0.005096435546875,84
300502500837,41,197896772734,1056000000,1200000000,0.00418853759765625,0.000843048095703125,100
298636906274,1323,162104098767,904000000,1200000000,0.0054931640625,0.001148223876953125,13
261561500316,582,-1,1190000000,1200000000,0.004119873046875,0.00060272216796875,65
299950264095,1031,1188213692,1161000000,1200000000,0.00342559814453125,0.000705718994140625,34
299950282965,11931,10503633106,934000000,1200000000,0.003833770751953125,0.00116729736328125,35
299950282965,13138,273480688205,937000000,1200000000,0.003631591796875,0.001155853271484375,58
300629809311,185,123044507087,1085000000,1118000000,0.00453948974609375,0.0008716583251953125,39
299950236380,1065,178234903873,1155000000,1200000000,0.00347900390625,0.0007457733154296875,78
299950285958,5834,206701697880,950000000,1176000000,0.005035400390625,0.0011615753173828125,50
300502430162,170,157006891540,1044000000,1200000000,0.00444793701171875,0.001171112060546875,84
300628707108,87,8858135896,964000000,988000000,0.004180908203125,0.0005578994750976562,91
299950261447,4253,10503047179,1172000000,1200000000,0.00637054443359375,0.0003452301025390625,49
13163537952,161,173784957840,1025000000,1200000000,0.00628662109375,0.0008687973022460938,25
202130121170,280,1821705418,1164000000,1200000000,0.00350189208984375,0.0010929107666015625,17
299950261478,4400,10114271723,1125000000,1200000000,0.0098114013671875,0.0009317398071289062,37
299950260553,5055,182136365027,1171000000,1200000000,0.00308990478515625,0.001171112060546875,16
300502484556,14,2612747453,954000000,1200000000,0.00571441650390625,0.00033855438232421875,41
202130125007,3025,3074800763,921000000,1200000000,0.0082244873046875,0.0006818771362304688,90
299950261478,4952,10367640940,1183000000,1200000000,0.00511932373046875,0.0005502700805664062,29
299950261478,5280,1183302333,1187000000,1200000000,0.002658843994140625,0.0008687973022460938,87
300629815582,0,173629311811,1050000000,1063000000,0.0060577392578125,0.000690460205078125,94
300628721632,8,1541101104,907000000,1120000000,0.015655517578125,0.0006227493286132812,30
261561505318,159,178180859323,983000000,1200000000,0.04669189453125,0.005401611328125,66
298636906274,947,10517871892,903000000,1200000000,0.0040740966796875,0.0011653900146484375,10
261561465098,328,191951480805,1047000000,1200000000,0.016754150390625,0.00498199462890625,93
299950267134,2609,218174976181,1158000000,1200000000,0.0044403076171875,0.0015277862548828125,59
299950267203,390,842329965,1113000000,1200000000,0.0091552734375,0.000591278076171875,27
299950282965,11211,2103919620,931000000,1200000000,0.00516510009765625,0.0009021759033203125,9
451544768,868,10367640222,992000000,1200000000,0.0050201416015625,0.0001354217529296875,86
300629809311,161,176136854598,1084000000,1147000000,0.005859375,0.000896453857421875,77
299950261478,5912,191907209738,1190000000,1200000000,0.0045166015625,0.0008497238159179688,77
299950283520,306,10624315794,1137000000,1200000000,0.03314208984375,0.0014209747314453125,42
299950233117,561,10625328368,1125000000,1200000000,0.00370025634765625,0.0007572174072265625,41
261561480115,187,-1,1117000000,1200000000,0.00946044921875,0.00524139404296875,37
299950261478,5462,8502693806,1189000000,1200000000,0.00469970703125,0.000820159912109375,72
261561487633,255,-1,1133000000,1200000000,0.009368896484375,0.001216888427734375,11
299950283520,325,1364644531,1139000000,1200000000,0.028717041015625,0.0010280609130859375,43
261561520324,274,163608304217,1069000000,1200000000,0.0104827880859375,0.0038909912109375,93
299950261447,3127,1230830766,1114000000,1200000000,0.00450897216796875,0.0005178451538085938,27
261561502817,407,-1,1190000000,1200000000,0.003520965576171875,0.0006198883056640625,84
299950236380,1204,9177248881,1154000000,1200000000,0.00330352783203125,0.0007543563842773438,36
300502482589,83,125,1184000000,1200000000,0.0072784423828125,0.00110626220703125,62
299950238673,19941,1994311996,951000000,1102000000,0.0078887939453125,0.000659942626953125,49
299950261478,3868,278504869679,1125000000,1200000000,0.004364013671875,0.0009374618530273438,91
10660420672,180,300335643788,1026000000,1200000000,0.20947265625,0.02740478515625,86
299950261478,3627,9177221586,1124000000,1200000000,0.0347900390625,0.0012798309326171875,57
299950261447,4629,182136342435,1174000000,1200000000,0.009429931640625,0.0004787445068359375,84
299950261478,6360,153161584020,1182000000,1200000000,0.00731658935546875,0.0006093978881835938,27
299950261478,5016,157006876613,1186000000,1200000000,0.00279998779296875,0.0008535385131835938,45
299950261478,5761,10503025123,1189000000,1200000000,0.0042266845703125,0.000858306884765625,40
298636906274,1261,1010442451,904000000,1200000000,0.00392913818359375,0.0011539459228515625,50
299950261478,4489,2003852876,1120000000,1200000000,0.04345703125,0.000850677490234375,75
451544768,971,1994327983,990000000,1200000000,0.002758026123046875,0.0001220703125,96
299950285958,5539,191939426595,950000000,1176000000,0.02838134765625,0.00133514404296875,45
300628723138,156,10367664369,923000000,1200000000,0.0234375,0.00019741058349609375,47
261561472612,356,10517872092,1117000000,1200000000,0.015960693359375,0.00501251220703125,100
261561510320,158,1886204510,1049000000,1200000000,0.013702392578125,0.003604888916015625,7
299950261478,6477,273550649795,1184000000,1200000000,0.00390625,0.0006589889526367188,73
261561512821,309,10632706434,1068000000,1200000000,0.0104522705078125,0.003582000732421875,21
261561505318,77,-1,983000000,1200000000,0.0091400146484375,0.003765106201171875,55
261561510320,250,-1,1118000000,1200000000,0.009765625,0.0018711090087890625,86
299950267413,145,61071974798,1091000000,1200000000,0.048095703125,0.001251220703125,63
299950238673,19900,273552963704,953000000,1104000000,0.0079803466796875,0.0006570816040039062,11
299950267134,3434,1885842743,1156000000,1200000000,0.007904052734375,0.001491546630859375,55
300628723138,401,10538925865,923000000,1200000000,0.023681640625,0.0002079010009765625,24
299950288763,3099,234241434866,1141000000,1200000000,0.00604248046875,0.0007810592651367188,96
300628745182,219,123140651937,949000000,1200000000,0.05548095703125,0.00316619873046875,85
299950264095,984,10367664357,1161000000,1200000000,0.00403594970703125,0.0007181167602539062,7
299950283520,223,2682520803,1143000000,1200000000,0.00490570068359375,0.0007648468017578125,98
299950261447,2732,178179317071,1112000000,1200000000,0.0294189453125,0.0011386871337890625,32
261561505318,197,173719007959,1050000000,1200000000,0.02056884765625,0.00205230712890625,21
299950282965,12287,10623310984,931000000,1200000000,0.0047607421875,0.0010738372802734375,13
299950282946,115,153672630939,1047000000,1200000000,0.03570556640625,0.002132415771484375,26
299950264095,1224,11636531832,1161000000,1200000000,0.003936767578125,0.0007123947143554688,72
300502419191,50,178179556482,1053000000,1200000000,0.012481689453125,0.0017452239990234375,88
299950261447,4878,559902772,1177000000,1200000000,0.003040313720703125,0.000530242919921875,87
299950267391,838,207759801928,1151000000,1200000000,0.03607177734375,0.0078125,74
451544768,839,10367652098,991000000,1200000000,0.0087432861328125,0.00012874603271484375,30
299950261478,3707,158381956522,1125000000,1200000000,0.00848388671875,0.000904083251953125,80
299950261478,5724,4091827622,1188000000,1200000000,0.00543975830078125,0.0008211135864257812,86
299950261447,4828,1689980,1178000000,1200000000,0.00603485107421875,0.0005054473876953125,91
299950284394,102,11636689600,1003000000,1200000000,0.00543975830078125,0.0011348724365234375,35
299950285958,6026,173649475406,950000000,1174000000,0.05517578125,0.0013637542724609375,14
299950267391,1328,204357167133,1151000000,1200000000,0.03533935546875,0.0078125,26
261561462597,339,300551656038,1134000000,1200000000,0.018035888671875,0.0012111663818359375,79
299950261478,6416,191935398728,1188000000,1200000000,0.003467559814453125,0.0008592605590820312,71
299950267134,3221,1512020253,1155000000,1200000000,0.00621795654296875,0.0014514923095703125,32
261561502817,458,-1,1192000000,1200000000,0.0044403076171875,0.0005407333374023438,27
451544768,1079,153551610770,991000000,1200000000,0.0043487548828125,0.00012969970703125,92
261561515322,552,300552003569,1190000000,1200000000,0.0087432861328125,0.0006494522094726562,67
299950288954,1219,10503025127,944000000,1168000000,0.0025634765625,0.000995635986328125,9
298636906274,1016,129581353106,903000000,1200000000,0.011932373046875,0.0015621185302734375,25
299950261478,3798,272639222933,1127000000,1200000000,0.0059814453125,0.0009069442749023438,96
299950285958,5770,148077746166,951000000,1173000000,0.00435638427734375,0.0011615753173828125,15
300628745182,127,1994667061,950000000,1200000000,0.12548828125,0.0031585693359375,37
299950285931,512,1512403859,935000000,1200000000,0.00487518310546875,0.00048351287841796875,70
299950267134,2945,10369087767,1150000000,1200000000,0.0082855224609375,0.000827789306640625,73
299950261447,4807,224,1181000000,1200000000,0.00482177734375,0.0004968643188476562,90
299950261478,4802,875561149,1186000000,1200000000,0.0086669921875,0.0009250640869140625,38
300628723138,181,182146442302,924000000,1200000000,0.016326904296875,0.00020503997802734375,51
261561497815,229,142686938900,1100000000,1200000000,0.01544189453125,0.0019130706787109375,35
299950261447,3369,10367640944,1171000000,1200000000,0.00701904296875,0.0003662109375,11
299950261478,6404,10367640940,1183000000,1200000000,0.008026123046875,0.000644683837890625,54
300629809311,189,157004849123,1084000000,1118000000,0.00499725341796875,0.0008563995361328125,63
300630915902,8,190568594791,1172000000,1200000000,0.018585205078125,0.0005998611450195312,13
299950280019,23,10512015728,1084000000,1200000000,0.021759033203125,0.001590728759765625,22
299950261447,4560,10632688101,1171000000,1200000000,0.0074005126953125,0.0004062652587890625,85
299950261478,6090,294989255608,1184000000,1200000000,0.0056304931640625,0.0005626678466796875,38
300628723138,145,191922327422,924000000,1200000000,0.03656005859375,0.00021076202392578125,37
299950236380,845,269815181123,1155000000,1200000000,0.00742340087890625,0.0008535385131835938,39
300628788687,68,178180866956,1085000000,1110000000,0.002925872802734375,0.0005521774291992188,52
300502476404,856,206127840335,1084000000,1200000000,0.00443267822265625,0.00115966796875,94
299950267203,311,182564405747,1115000000,1200000000,0.00885009765625,0.0005884170532226562,46
261561485131,255,216877655078,1046000000,1200000000,0.0128021240234375,0.005340576171875,72
261561462597,194,178235470451,1064000000,1200000000,0.014373779296875,0.005340576171875,91
300502437540,25,153291082317,963000000,1174000000,0.00394439697265625,0.00115203857421875,86
300628788687,15,183229331546,1086000000,1105000000,0.005828857421875,0.0005788803100585938,30
299950282965,10988,178160545907,931000000,1200000000,0.0076751708984375,0.0006666183471679688,71
299950268070,508,263396746891,1132000000,1200000000,0.0047760009765625,0.0005855560302734375,95
451544768,1178,4250008025,1059000000,1200000000,0.002971649169921875,0.00011444091796875,5
299950285958,5505,10114585056,954000000,1174000000,0.00424957275390625,0.0011653900146484375,20
300502476404,625,300335787957,1011000000,1200000000,0.00286865234375,0.0011692047119140625,3
299950268070,273,10529383293,1053000000,1200000000,0.0626220703125,0.002475738525390625,35
299950261478,5250,10632579699,1183000000,1200000000,0.00617218017578125,0.000507354736328125,78
261561502817,218,-1,1118000000,1200000000,0.008209228515625,0.00370025634765625,33
298636906274,585,221660208000,903000000,1200000000,0.011444091796875,0.00156402587890625,84
261561500316,312,261194398221,1052000000,1200000000,0.016998291015625,0.003658294677734375,95
261561475113,184,-1,1117000000,1200000000,0.0104827880859375,0.005096435546875,23
299950261478,4159,10114583982,1125000000,1200000000,0.00693511962890625,0.0009403228759765625,88
299950233111,1117,295258244855,1145000000,1200000000,0.00572967529296875,0.001201629638671875,93
299950261447,2773,10625471948,1118000000,1200000000,0.03582763671875,0.0009784698486328125,53
299950288763,3330,8652134108,1140000000,1200000000,0.00629425048828125,0.0008211135864257812,52
299950267134,2783,178105201807,1153000000,1200000000,0.006988525390625,0.00146484375,63
300502493584,376,156389299028,994000000,1200000000,0.004852294921875,0.0011501312255859375,86
261561515322,193,10621286693,1049000000,1200000000,0.0104217529296875,0.003643035888671875,2
299950261447,3853,1994793034,1172000000,1200000000,0.0080413818359375,0.0003490447998046875,7
299950267134,3358,245055172243,1155000000,1200000000,0.00677490234375,0.0014400482177734375,23
299950261478,6491,82,1189000000,1200000000,0.00476837158203125,0.0008115768432617188,52
261561487633,286,1230721273,1135000000,1200000000,0.009552001953125,0.002147674560546875,68
261561480115,117,163610664476,1045000000,1200000000,0.0262451171875,0.00530242919921875,6
261561460096,363,-1,1134000000,1200000000,0.008941650390625,0.003398895263671875,29
299950236380,992,178180842285,1155000000,1200000000,0.00341796875,0.0007562637329101562,16
299950238673,20140,260130168048,952000000,1102000000,0.00615692138671875,0.0006618499755859375,24
298636906274,956,10503612794,904000000,1200000000,0.00418853759765625,0.001163482666015625,53
298636906274,1169,1887044224,902000000,1200000000,0.00714111328125,0.00112152099609375,61
299950282965,12525,1888326078,936000000,1200000000,0.0037689208984375,0.0011501312255859375,96
300502462624,130,235467043362,961000000,1200000000,0.028228759765625,0.00147247314453125,53
299950236330,866,1364786178,924000000,1075000000,0.0037994384765625,0.0011577606201171875,13
299950282965,13199,153177972182,931000000,1200000000,0.00432586669921875,0.001163482666015625,44
261561495314,246,178180681937,1050000000,1200000000,0.010711669921875,0.00360870361328125,99
261561505318,306,10632708304,1051000000,1200000000,0.01043701171875,0.002044677734375,31
299950261478,6058,202476928548,1188000000,1200000000,0.007843017578125,0.0009326934814453125,38
299950261447,3747,148954746661,1174000000,1200000000,0.00421905517578125,0.0005331039428710938,17
261561485131,325,196869094586,1116000000,1200000000,0.0092315673828125,0.003452301025390625,66
299950261447,3061,153331121914,1114000000,1200000000,0.008056640625,0.000579833984375,83
299950261447,2953,249799145339,1114000000,1200000000,0.03338623046875,0.0009317398071289062,18
299950285958,5569,178165131862,951000000,1173000000,0.0037994384765625,0.00115966796875,80
299950236380,952,300551911150,1154000000,1200000000,0.00319671630859375,0.0007457733154296875,17
261561472612,633,10367676338,1185000000,1200000000,0.00530242919921875,0.00086212158203125,55
299950285958,5384,1970135781,951000000,1200000000,0.00421142578125,0.001163482666015625,34
299950285958,5423,163360208508,955000000,1200000000,0.00417327880859375,0.00116729736328125,6
299950282965,12506,272639222957,931000000,1200000000,0.0035552978515625,0.0008821487426757812,26
261561485131,427,1229872919,1114000000,1200000000,0.00958251953125,0.00533294677734375,99
299950282965,11377,153331121517,932000000,1200000000,0.00537872314453125,0.0008497238159179688,93
261561507819,190,-1,1068000000,1200000000,0.0081939697265625,0.002017974853515625,38
261561495314,157,-1,984000000,1200000000,0.0092926025390625,0.003536224365234375,90
299950260553,5188,192011880383,1170000000,1200000000,0.00385284423828125,0.00113677978515625,49
299950282965,12589,300551664946,934000000,1200000000,0.00408172607421875,0.001148223876953125,87
299950236380,1063,10625467792,1152000000,1200000000,0.0099029541015625,0.0005426406860351562,68
299950261478,3346,206792714753,1120000000,1200000000,0.079833984375,0.0012664794921875,71
299950261447,4151,123064522718,1171000000,1200000000,0.0080108642578125,0.00040531158447265625,39
299950267391,993,510962243,1151000000,1200000000,0.033203125,0.0078125,73
299950261447,3085,430526363,1112000000,1200000000,0.00775146484375,0.0005826950073242188,40
299950282965,11254,275072256088,932000000,1200000000,0.0061187744140625,0.0010223388671875,56
261561475113,276,1229470368,1119000000,1200000000,0.0092010498046875,0.00463104248046875,37
299950285958,5361,182136389287,950000000,1200000000,0.0040435791015625,0.0011615753173828125,37
261561477614,137,-1,976000000,1200000000,0.045166015625,0.00632476806640625,31
299950282965,12303,10060014155,931000000,1200000000,0.00688934326171875,0.0007276535034179688,79
299950282965,12363,1970142170,931000000,1200000000,0.00560760498046875,0.00066375732421875,58
299950261447,4462,1510491900,1170000000,1200000000,0.008270263671875,0.000400543212890625,82
300502430162,187,197956097338,1045000000,1200000000,0.003490447998046875,0.00115966796875,25
261561497815,401,-1,1169000000,1200000000,0.0090179443359375,0.0006418228149414062,38
299950238673,20107,4082795198,950000000,1104000000,0.00667572021484375,0.0006732940673828125,90
299950261447,3985,5091952,1178000000,1200000000,0.00601959228515625,0.00043010711669921875,92
299950261447,4289,10623311908,1174000000,1200000000,0.00478363037109375,0.00054168701171875,97
261561487633,141,-1,1064000000,1200000000,0.00921630859375,0.00341033935546875,85
299950267391,1319,176136843117,1152000000,1200000000,0.149658203125,0.0078125,44
261561467599,204,-1,1094000000,1200000000,0.00830078125,0.00505828857421875,75
299950261447,5242,10632670181,1171000000,1200000000,0.006622314453125,0.0006036758422851562,77
261561497815,432,-1,1169000000,1200000000,0.0091094970703125,0.0006418228149414062,38
300502476404,819,191937417435,1084000000,1200000000,0.0042724609375,0.001155853271484375,52
299950261447,4610,149041400546,1176000000,1200000000,0.0066070556640625,0.0005464553833007812,42
299950233111,1116,178302215316,1146000000,1200000000,0.00409698486328125,0.00119781494140625,58
